data_type,material_type,year,month,type,month_current,month_prior_year,ytd_current,ytd_prior_year
Pounds of Materials Used,Grain Products,2009,1,Malt and malt products,361377478,374191807,361377478,374191807
Pounds of Materials Used,Grain Products,2009,1,Corn and corn products,63115693,57563571,63115693,57563571
Pounds of Materials Used,Grain Products,2009,1,Rice and rice products,59961083,72866351,59961083,72866351
Pounds of Materials Used,Grain Products,2009,1,Barley and barley products,2169601,3819222,2169601,3819222
Pounds of Materials Used,Grain Products,2009,1,Wheat and wheat products,873714,1177586,873714,1177586
Pounds of Materials Used,Total Grain products,2009,1,Total Grain products,487497569,509618537,487497569,509618537
Pounds of Materials Used,Non-Grain Products,2009,1,Sugar and syrups,67834569,78575422,67834569,78575422
Pounds of Materials Used,Non-Grain Products,2009,1,Hops (dry),1461121,4506953,1461121,4506953
Pounds of Materials Used,Non-Grain Products,2009,1,Hops (used as extracts),324497,621912,324497,621912
Pounds of Materials Used,Non-Grain Products,2009,1,Other,1424001,1279564,1424001,1279564
Pounds of Materials Used,Total Non-Grain products,2009,1,Total Non-Grain products,71044188,84983851,71044188,84983851
Pounds of Materials Used,Total Used,2009,1,Total Used,558541757,594602388,558541757,594602388
Pounds of Materials Used,Grain Products,2009,2,Malt and malt products,339472713,356380767,700856291,730572574
Pounds of Materials Used,Grain Products,2009,2,Corn and corn products,60966715,59513472,124082408,117077043
Pounds of Materials Used,Grain Products,2009,2,Rice and rice products,60150183,66061597,120111266,138927948
Pounds of Materials Used,Grain Products,2009,2,Barley and barley products,3334476,3116333,5504077,6935555
Pounds of Materials Used,Grain Products,2009,2,Wheat and wheat products,1142813,1247933,2016527,2425519
Pounds of Materials Used,Total Grain products,2009,2,Total Grain products,465066900,486320102,952570569,995938639
Pounds of Materials Used,Non-Grain Products,2009,2,Sugar and syrups,69375203,80195077,137209772,158770499
Pounds of Materials Used,Non-Grain Products,2009,2,Hops (dry),4601598,1816390,6062839,6323343
Pounds of Materials Used,Non-Grain Products,2009,2,Hops (used as extracts),345975,476688,670472,1098600
Pounds of Materials Used,Non-Grain Products,2009,2,Other,939857,1321750,2363858,2601314
Pounds of Materials Used,Total Non-Grain products,2009,2,Total Non-Grain products,75262633,83809905,146306941,168793756
Pounds of Materials Used,Total Used,2009,2,Total Used,540329533,570130007,1098877510,1164732395
Pounds of Materials Used,Grain Products,2009,3,Malt and malt products,380133298,400460958,1080736584,1131033532
Pounds of Materials Used,Grain Products,2009,3,Corn and corn products,66543131,60800726,190625839,177877769
Pounds of Materials Used,Grain Products,2009,3,Rice and rice products,64006735,72627795,184963333,211558089
Pounds of Materials Used,Grain Products,2009,3,Barley and barley products,7094005,7435598,13145280,14371153
Pounds of Materials Used,Grain Products,2009,3,Wheat and wheat products,2175247,1934403,4210721,4359922
Pounds of Materials Used,Total Grain products,2009,3,Total Grain products,519952416,543259480,1473681757,1539200465
Pounds of Materials Used,Non-Grain Products,2009,3,Sugar and syrups,70030415,78910159,207294067,237680658
Pounds of Materials Used,Non-Grain Products,2009,3,Hops (dry),6787391,6100193,12853191,12423525
Pounds of Materials Used,Non-Grain Products,2009,3,Hops (used as extracts),382897,1195722,1053577,2294322
Pounds of Materials Used,Non-Grain Products,2009,3,Other,6604657,2381920,8974660,4983344
Pounds of Materials Used,Total Non-Grain products,2009,3,Total Non-Grain products,83805360,88587994,230175495,257381849
Pounds of Materials Used,Total Used,2009,3,Total Used,603757776,631847474,1703857252,1796582314
Pounds of Materials Used,Grain Products,2009,4,Malt and malt products,384396702,388670342,1465133286,1519703874
Pounds of Materials Used,Grain Products,2009,4,Corn and corn products,67266636,61555980,257892475,239433749
Pounds of Materials Used,Grain Products,2009,4,Rice and rice products,63166930,73309991,248130263,284868080
Pounds of Materials Used,Grain Products,2009,4,Barley and barley products,3349556,3912088,16494836,18283241
Pounds of Materials Used,Grain Products,2009,4,Wheat and wheat products,1569606,1405033,5780327,5764955
Pounds of Materials Used,Total Grain products,2009,4,Total Grain products,519749430,528853434,1993431187,2068053899
Pounds of Materials Used,Non-Grain Products,2009,4,Sugar and syrups,71341108,81200057,278635175,318880715
Pounds of Materials Used,Non-Grain Products,2009,4,Hops (dry),5574889,6864666,18428080,19288191
Pounds of Materials Used,Non-Grain Products,2009,4,Hops (used as extracts),388369,503072,1441946,2797394
Pounds of Materials Used,Non-Grain Products,2009,4,Other,6169478,1332607,15144138,6315951
Pounds of Materials Used,Total Non-Grain products,2009,4,Total Non-Grain products,83473844,89900402,313649339,347282251
Pounds of Materials Used,Total Used,2009,4,Total Used,603223274,618753836,2307080526,2415336150
Pounds of Materials Used,Grain Products,2009,5,Malt and malt products,391469434,411341544,1856668052,1931045418
Pounds of Materials Used,Grain Products,2009,5,Corn and corn products,62481084,63945802,320373559,303379551
Pounds of Materials Used,Grain Products,2009,5,Rice and rice products,67120251,76219021,315250514,361087101
Pounds of Materials Used,Grain Products,2009,5,Barley and barley products,3684818,3660048,20180000,21943289
Pounds of Materials Used,Grain Products,2009,5,Wheat and wheat products,1712205,1697878,7492532,7462833
Pounds of Materials Used,Total Grain products,2009,5,Total Grain products,526467792,556864293,2519964657,2624918192
Pounds of Materials Used,Non-Grain Products,2009,5,Sugar and syrups,75011893,89946309,353647068,408827024
Pounds of Materials Used,Non-Grain Products,2009,5,Hops (dry),7051829,7470400,25480154,26758591
Pounds of Materials Used,Non-Grain Products,2009,5,Hops (used as extracts),450264,545875,1892210,3343269
Pounds of Materials Used,Non-Grain Products,2009,5,Other,6915331,1804156,22059123,8120107
Pounds of Materials Used,Total Non-Grain products,2009,5,Total Non-Grain products,89429317,99766740,403078555,447048991
Pounds of Materials Used,Total Used,2009,5,Total Used,615897109,656631033,2923043212,3071967183
Pounds of Materials Used,Grain Products,2009,6,Malt and malt products,381247341,415350597,2242117420,2346396015
Pounds of Materials Used,Grain Products,2009,6,Corn and corn products,62107546,65610104,382481467,368989655
Pounds of Materials Used,Grain Products,2009,6,Rice and rice products,64576127,71931873,381522344,434013436
Pounds of Materials Used,Grain Products,2009,6,Barley and barley products,8146509,8078625,28472349,30021914
Pounds of Materials Used,Grain Products,2009,6,Wheat and wheat products,1966215,2266315,9545902,9729148
Pounds of Materials Used,Total Grain products,2009,6,Total Grain products,518043738,563237514,3044139482,3189150168
Pounds of Materials Used,Non-Grain Products,2009,6,Sugar and syrups,69563483,81016162,423322455,489843186
Pounds of Materials Used,Non-Grain Products,2009,6,Hops (dry),6854083,7373780,32359017,34132371
Pounds of Materials Used,Non-Grain Products,2009,6,Hops (used as extracts),381321,513130,2273531,3856399
Pounds of Materials Used,Non-Grain Products,2009,6,Other,6216613,2623660,28284401,10743767
Pounds of Materials Used,Total Non-Grain products,2009,6,Total Non-Grain products,83015500,91526732,486239404,538575723
Pounds of Materials Used,Total Used,2009,6,Total Used,601059238,654764246,3530378886,3727725891
Pounds of Materials Used,Grain Products,2009,7,Malt and malt products,382672919,404594120,2662446464,2751067858
Pounds of Materials Used,Grain Products,2009,7,Corn and corn products,68510353,66377521,450993766,435367176
Pounds of Materials Used,Grain Products,2009,7,Rice and rice products,63277242,75689964,445884529,509703400
Pounds of Materials Used,Grain Products,2009,7,Barley and barley products,4185235,3393374,33131330,33405477
Pounds of Materials Used,Grain Products,2009,7,Wheat and wheat products,1475523,1371856,11212754,11101504
Pounds of Materials Used,Total Grain products,2009,7,Total Grain products,520121272,551426835,3603668843,3740645415
Pounds of Materials Used,Non-Grain Products,2009,7,Sugar and syrups,64776817,76786623,488127572,566629809
Pounds of Materials Used,Non-Grain Products,2009,7,Hops (dry),7309199,1753906,39704504,35887416
Pounds of Materials Used,Non-Grain Products,2009,7,Hops (used as extracts),359130,508794,2632661,4365193
Pounds of Materials Used,Non-Grain Products,2009,7,Other,13368693,1438031,54137202,12181798
Pounds of Materials Used,Total Non-Grain products,2009,7,Total Non-Grain products,85813839,80487354,584601939,619064216
Pounds of Materials Used,Total Used,2009,7,Total Used,605935111,631914189,4188270782,4359709631
Pounds of Materials Used,Grain Products,2009,8,Malt and malt products,362521445,389410506,3024967909,3140478364
Pounds of Materials Used,Grain Products,2009,8,Corn and corn products,57684547,64953210,508678313,500320386
Pounds of Materials Used,Grain Products,2009,8,Rice and rice products,61417028,71799926,507301557,581503326
Pounds of Materials Used,Grain Products,2009,8,Barley and barley products,3789027,3778286,36920357,37183763
Pounds of Materials Used,Grain Products,2009,8,Wheat and wheat products,1298648,1588068,12511402,12689572
Pounds of Materials Used,Total Grain products,2009,8,Total Grain products,486710695,531529996,4090379538,4272175411
Pounds of Materials Used,Non-Grain Products,2009,8,Sugar and syrups,61354833,83984025,549482405,650613834
Pounds of Materials Used,Non-Grain Products,2009,8,Hops (dry),5393471,5992208,45097975,41879624
Pounds of Materials Used,Non-Grain Products,2009,8,Hops (used as extracts),322875,377424,2955536,4742617
Pounds of Materials Used,Non-Grain Products,2009,8,Other,10315854,1671801,64453056,13853599
Pounds of Materials Used,Total Non-Grain products,2009,8,Total Non-Grain products,77387033,92025458,661988972,711089674
Pounds of Materials Used,Total Used,2009,8,Total Used,564097728,623555454,4752368510,4983265085
Pounds of Materials Used,Grain Products,2009,9,Malt and malt products,370369895,363334515,3396959380,3503862422
Pounds of Materials Used,Grain Products,2009,9,Corn and corn products,54632420,59787530,557256127,560107916
Pounds of Materials Used,Grain Products,2009,9,Rice and rice products,57686245,62013175,565528750,643518905
Pounds of Materials Used,Grain Products,2009,9,Barley and barley products,8106300,8479049,45463026,45662812
Pounds of Materials Used,Grain Products,2009,9,Wheat and wheat products,1934968,1880028,14532590,14569600
Pounds of Materials Used,Total Grain products,2009,9,Total Grain products,492729828,495494297,4579739873,4767721655
Pounds of Materials Used,Non-Grain Products,2009,9,Sugar and syrups,50025197,68092555,599584438,718707826
Pounds of Materials Used,Non-Grain Products,2009,9,Hops (dry),5216389,3807149,51892616,45687282
Pounds of Materials Used,Non-Grain Products,2009,9,Hops (used as extracts),305344,338019,3264706,5081526
Pounds of Materials Used,Non-Grain Products,2009,9,Other,11250446,1732849,75834659,15586465
Pounds of Materials Used,Total Non-Grain products,2009,9,Total Non-Grain products,66797376,73970572,730576419,785063099
Pounds of Materials Used,Total Used,2009,9,Total Used,559527204,569464869,5310316292,5552784754
Pounds of Materials Used,Grain Products,2009,10,Malt and malt products,333286901,353743807,3731548182,3857595976
Pounds of Materials Used,Grain Products,2009,10,Corn and corn products,55590153,63047343,612846280,623155259
Pounds of Materials Used,Grain Products,2009,10,Rice and rice products,55167784,59408025,620696534,702926930
Pounds of Materials Used,Grain Products,2009,10,Barley and barley products,3615556,3209706,49428647,48872518
Pounds of Materials Used,Grain Products,2009,10,Wheat and wheat products,1025133,1431903,15569364,16001503
Pounds of Materials Used,Total Grain products,2009,10,Total Grain products,448685527,480840784,5030089007,5248552186
Pounds of Materials Used,Non-Grain Products,2009,10,Sugar and syrups,47840939,42888353,647426679,761596179
Pounds of Materials Used,Non-Grain Products,2009,10,Hops (dry),1326445,3775472,53227307,49463068
Pounds of Materials Used,Non-Grain Products,2009,10,Hops (used as extracts),302264,337194,3566970,5418406
Pounds of Materials Used,Non-Grain Products,2009,10,Other,8944515,1568431,84768249,17154896
Pounds of Materials Used,Total Non-Grain products,2009,10,Total Non-Grain products,58414163,48569450,788989205,833632549
Pounds of Materials Used,Total Used,2009,10,Total Used,507099690,529410234,5819078212,6082184735
Pounds of Materials Used,Grain Products,2009,11,Malt and malt products,309688888,322745041,4043461219,4180363274
Pounds of Materials Used,Grain Products,2009,11,Corn and corn products,47018983,53628776,659865353,676784555
Pounds of Materials Used,Grain Products,2009,11,Rice and rice products,50460060,54641934,671893628,757569966
Pounds of Materials Used,Grain Products,2009,11,Barley and barley products,3374449,3308406,53652072,52186914
Pounds of Materials Used,Grain Products,2009,11,Wheat and wheat products,1116613,959328,16822657,16962353
Pounds of Materials Used,Total Grain products,2009,11,Total Grain products,411658993,435283485,5445694929,5683867062
Pounds of Materials Used,Non-Grain Products,2009,11,Sugar and syrups,44926666,44057218,692382199,805653683
Pounds of Materials Used,Non-Grain Products,2009,11,Hops (dry),4442654,3898068,57737734,53361520
Pounds of Materials Used,Non-Grain Products,2009,11,Hops (used as extracts),289240,329820,3856410,5748226
Pounds of Materials Used,Non-Grain Products,2009,11,Other,9915569,1249150,94958272,18422139
Pounds of Materials Used,Total Non-Grain products,2009,11,Total Non-Grain products,59574129,49534256,848934615,883185568
Pounds of Materials Used,Total Used,2009,11,Total Used,471233122,484817741,6294629544,6567052630
Pounds of Materials Used,Grain Products,2009,12,Malt and malt products,302237874,320419845,4345699093,4500783119
Pounds of Materials Used,Grain Products,2009,12,Corn and corn products,45851254,49920086,705716607,726704641
Pounds of Materials Used,Grain Products,2009,12,Rice and rice products,51919861,62442510,723813489,820016177
Pounds of Materials Used,Grain Products,2009,12,Barley and barley products,7271474,6402978,60923546,58589892
Pounds of Materials Used,Grain Products,2009,12,Wheat and wheat products,1851868,1425858,18674525,18388211
Pounds of Materials Used,Total Grain products,2009,12,Total Grain products,409132331,440611277,5854827260,6124482040
Pounds of Materials Used,Non-Grain Products,2009,12,Sugar and syrups,39077880,39033948,731460079,844687631
Pounds of Materials Used,Non-Grain Products,2009,12,Hops (dry),3887961,1616474,61625695,54977994
Pounds of Materials Used,Non-Grain Products,2009,12,Hops (used as extracts),260877,272970,4117287,6021196
Pounds of Materials Used,Non-Grain Products,2009,12,Other,8051559,1663664,103009831,20085803
Pounds of Materials Used,Total Non-Grain products,2009,12,Total Non-Grain products,51278277,42587056,900212892,925772624
Pounds of Materials Used,Total Used,2009,12,Total Used,460410608,483198333,6755040152,7050254664
Pounds of Materials Used,Grain Products,2010,1,Malt and malt products,330304432,361377478,330304432,361377478
Pounds of Materials Used,Grain Products,2010,1,Corn and corn products,56705162,63115693,56705162,63115693
Pounds of Materials Used,Grain Products,2010,1,Rice and rice products,59701345,59961083,59701345,59961083
Pounds of Materials Used,Grain Products,2010,1,Barley and barley products,3668374,2169601,3668374,2169601
Pounds of Materials Used,Grain Products,2010,1,Wheat and wheat products,1409685,873714,1409685,873714
Pounds of Materials Used,Total Grain products,2010,1,Total Grain products,451788998,487497569,451788998,487497569
Pounds of Materials Used,Non-Grain Products,2010,1,Sugar and syrups,47308358,67834569,47308358,67834569
Pounds of Materials Used,Non-Grain Products,2010,1,Hops (dry),4765924,1461121,4765924,1461121
Pounds of Materials Used,Non-Grain Products,2010,1,Hops (used as extracts),271405,324497,271405,324497
Pounds of Materials Used,Non-Grain Products,2010,1,Other,10537742,1424001,10537742,1424001
Pounds of Materials Used,Total Non-Grain products,2010,1,Total Non-Grain products,62883429,71044188,62883429,71044188
Pounds of Materials Used,Total Used,2010,1,Total Used,514672427,558541757,514672427,558541757
Pounds of Materials Used,Grain Products,2010,2,Malt and malt products,305543380,339472713,635898552,700856291
Pounds of Materials Used,Grain Products,2010,2,Corn and corn products,54486996,60966715,111192158,124082408
Pounds of Materials Used,Grain Products,2010,2,Rice and rice products,55198940,60150183,114900285,120111266
Pounds of Materials Used,Grain Products,2010,2,Barley and barley products,3726630,3334476,7395772,5504077
Pounds of Materials Used,Grain Products,2010,2,Wheat and wheat products,1683401,1142813,3097736,2016527
Pounds of Materials Used,Total Grain products,2010,2,Total Grain products,420639347,465066900,872484503,952570569
Pounds of Materials Used,Non-Grain Products,2010,2,Sugar and syrups,46718854,69375203,94027212,137209772
Pounds of Materials Used,Non-Grain Products,2010,2,Hops (dry),4899463,4601598,9666186,6062839
Pounds of Materials Used,Non-Grain Products,2010,2,Hops (used as extracts),268589,345975,539994,670472
Pounds of Materials Used,Non-Grain Products,2010,2,Other,9022834,939857,19560576,2363858
Pounds of Materials Used,Total Non-Grain products,2010,2,Total Non-Grain products,60909740,75262633,123793968,146306941
Pounds of Materials Used,Total Used,2010,2,Total Used,481549087,540329533,996278471,1098877510
Pounds of Materials Used,Grain Products,2010,3,Malt and malt products,366733254,380133298,1002631806,1080736584
Pounds of Materials Used,Grain Products,2010,3,Corn and corn products,60991969,66543131,172184127,190625839
Pounds of Materials Used,Grain Products,2010,3,Rice and rice products,59991160,64006735,174893727,184963333
Pounds of Materials Used,Grain Products,2010,3,Barley and barley products,10220654,7094005,18078778,13145280
Pounds of Materials Used,Grain Products,2010,3,Wheat and wheat products,2762670,2175247,5938978,4210721
Pounds of Materials Used,Total Grain products,2010,3,Total Grain products,500699707,519952416,1373727416,1473681757
Pounds of Materials Used,Non-Grain Products,2010,3,Sugar and syrups,61007512,70030415,155034724,207294067
Pounds of Materials Used,Non-Grain Products,2010,3,Hops (dry),7932387,6787391,17604871,12853191
Pounds of Materials Used,Non-Grain Products,2010,3,Hops (used as extracts),320406,382897,860400,1053577
Pounds of Materials Used,Non-Grain Products,2010,3,Other,11678127,6604657,31238829,8974660
Pounds of Materials Used,Total Non-Grain products,2010,3,Total Non-Grain products,80938432,83805360,204738824,230175495
Pounds of Materials Used,Total Used,2010,3,Total Used,581638139,603757776,1578466240,1703857252
Pounds of Materials Used,Grain Products,2010,4,Malt and malt products,374018118,384396702,1376649924,1465133286
Pounds of Materials Used,Grain Products,2010,4,Corn and corn products,61273430,67266636,233457557,257892475
Pounds of Materials Used,Grain Products,2010,4,Rice and rice products,59803024,63166930,234696751,248130263
Pounds of Materials Used,Grain Products,2010,4,Barley and barley products,5030962,3349556,23109740,16494836
Pounds of Materials Used,Grain Products,2010,4,Wheat and wheat products,2247616,1569606,8186594,5780327
Pounds of Materials Used,Total Grain products,2010,4,Total Grain products,502373150,519749430,1876100566,1993431187
Pounds of Materials Used,Non-Grain Products,2010,4,Sugar and syrups,73040421,71341108,228075145,278635175
Pounds of Materials Used,Non-Grain Products,2010,4,Hops (dry),8240399,5574889,25845270,18428080
Pounds of Materials Used,Non-Grain Products,2010,4,Hops (used as extracts),456519,388369,1316919,1441946
Pounds of Materials Used,Non-Grain Products,2010,4,Other,11213037,6169478,42451866,15144138
Pounds of Materials Used,Total Non-Grain products,2010,4,Total Non-Grain products,92950376,83473844,297689200,313649339
Pounds of Materials Used,Total Used,2010,4,Total Used,595323526,603223274,2173789766,2307080526
Pounds of Materials Used,Grain Products,2010,5,Malt and malt products,399504457,391469434,1776283019,1856668052
Pounds of Materials Used,Grain Products,2010,5,Corn and corn products,62684555,62481084,296142112,320373559
Pounds of Materials Used,Grain Products,2010,5,Rice and rice products,69284131,67120251,303980882,315250514
Pounds of Materials Used,Grain Products,2010,5,Barley and barley products,4903020,3684818,28012760,20180000
Pounds of Materials Used,Grain Products,2010,5,Wheat and wheat products,2264521,1712205,10455915,7492532
Pounds of Materials Used,Total Grain products,2010,5,Total Grain products,538640684,526467792,2414874688,2519964657
Pounds of Materials Used,Non-Grain Products,2010,5,Sugar and syrups,76115769,75011893,304191444,353647068
Pounds of Materials Used,Non-Grain Products,2010,5,Hops (dry),9080801,7051829,34927873,25480154
Pounds of Materials Used,Non-Grain Products,2010,5,Hops (used as extracts),396737,450264,1713656,1892210
Pounds of Materials Used,Non-Grain Products,2010,5,Other,11525375,6915331,53977391,22059123
Pounds of Materials Used,Total Non-Grain products,2010,5,Total Non-Grain products,97118682,89429317,394810364,403078555
Pounds of Materials Used,Total Used,2010,5,Total Used,635759366,615897109,2809685052,2923043212
Pounds of Materials Used,Grain Products,2010,6,Malt and malt products,380521275,381247341,2156804294,2242117420
Pounds of Materials Used,Grain Products,2010,6,Corn and corn products,60811086,62107546,356953198,382481467
Pounds of Materials Used,Grain Products,2010,6,Rice and rice products,66627541,64576127,370610846,381522344
Pounds of Materials Used,Grain Products,2010,6,Barley and barley products,11280602,8146509,39293362,28472349
Pounds of Materials Used,Grain Products,2010,6,Wheat and wheat products,2896874,1966215,13352789,9545902
Pounds of Materials Used,Total Grain products,2010,6,Total Grain products,522137378,518043738,2937014489,3044139482
Pounds of Materials Used,Non-Grain Products,2010,6,Sugar and syrups,67266337,69563483,371457781,423322455
Pounds of Materials Used,Non-Grain Products,2010,6,Hops (dry),10418215,6854083,45346088,32359017
Pounds of Materials Used,Non-Grain Products,2010,6,Hops (used as extracts),355258,381321,2068914,2273531
Pounds of Materials Used,Non-Grain Products,2010,6,Other,12877498,6216613,66854889,28284401
Pounds of Materials Used,Total Non-Grain products,2010,6,Total Non-Grain products,90917308,83015500,485727672,486239404
Pounds of Materials Used,Total Used,2010,6,Total Used,613054686,601059238,3422742161,3530378886
Pounds of Materials Used,Grain Products,2010,7,Malt and malt products,384726834,382672919,2541632782,2662446464
Pounds of Materials Used,Grain Products,2010,7,Corn and corn products,58694301,68510353,415647499,450993766
Pounds of Materials Used,Grain Products,2010,7,Rice and rice products,68031711,63277242,438778557,445884529
Pounds of Materials Used,Grain Products,2010,7,Barley and barley products,5224206,4185235,44518051,33131330
Pounds of Materials Used,Grain Products,2010,7,Wheat and wheat products,1628102,1475523,14982132,11212754
Pounds of Materials Used,Total Grain products,2010,7,Total Grain products,518305154,520121272,3455559021,3603668843
Pounds of Materials Used,Non-Grain Products,2010,7,Sugar and syrups,76584550,64776817,448042331,488127572
Pounds of Materials Used,Non-Grain Products,2010,7,Hops (dry),8297261,7309199,53664131,39704504
Pounds of Materials Used,Non-Grain Products,2010,7,Hops (used as extracts),369505,359130,2438419,2632661
Pounds of Materials Used,Non-Grain Products,2010,7,Other,13378852,13368693,80233741,54137202
Pounds of Materials Used,Total Non-Grain products,2010,7,Total Non-Grain products,98630168,85813839,584378622,584601939
Pounds of Materials Used,Total Used,2010,7,Total Used,616935322,605935111,4039937643,4188270782
Pounds of Materials Used,Grain Products,2010,8,Malt and malt products,358726926,362521445,2900309187,3024967909
Pounds of Materials Used,Grain Products,2010,8,Corn and corn products,60424525,57684547,476073574,508678313
Pounds of Materials Used,Grain Products,2010,8,Rice and rice products,63192375,61417028,501970932,507301557
Pounds of Materials Used,Grain Products,2010,8,Barley and barley products,5276045,3789027,49971697,36920357
Pounds of Materials Used,Grain Products,2010,8,Wheat and wheat products,1379102,1298648,16376834,12511402
Pounds of Materials Used,Total Grain products,2010,8,Total Grain products,488998973,486710695,3944702224,4090379538
Pounds of Materials Used,Non-Grain Products,2010,8,Sugar and syrups,75815015,61354833,523858114,549482405
Pounds of Materials Used,Non-Grain Products,2010,8,Hops (dry),7272871,5393471,60938386,45097975
Pounds of Materials Used,Non-Grain Products,2010,8,Hops (used as extracts),718808,322875,3157284,2955536
Pounds of Materials Used,Non-Grain Products,2010,8,Other,9572674,10315854,89808240,64453056
Pounds of Materials Used,Total Non-Grain products,2010,8,Total Non-Grain products,93379368,77387033,677762024,661988972
Pounds of Materials Used,Total Used,2010,8,Total Used,582378341,564097728,4622464248,4752368510
Pounds of Materials Used,Grain Products,2010,9,Malt and malt products,329671455,370369895,3230062247,3396959380
Pounds of Materials Used,Grain Products,2010,9,Corn and corn products,77399155,54632420,553472829,557256127
Pounds of Materials Used,Grain Products,2010,9,Rice and rice products,54884345,57686245,556857888,565528750
Pounds of Materials Used,Grain Products,2010,9,Barley and barley products,14107767,8106300,64085240,45463026
Pounds of Materials Used,Grain Products,2010,9,Wheat and wheat products,2150923,1934968,18530387,14532590
Pounds of Materials Used,Total Grain products,2010,9,Total Grain products,478213645,492729828,4423008591,4579739873
Pounds of Materials Used,Non-Grain Products,2010,9,Sugar and syrups,69053125,50025197,592912039,599584438
Pounds of Materials Used,Non-Grain Products,2010,9,Hops (dry),6437916,5216389,67378784,51892616
Pounds of Materials Used,Non-Grain Products,2010,9,Hops (used as extracts),300116,305344,3457400,3264706
Pounds of Materials Used,Non-Grain Products,2010,9,Other,9180751,11250446,98989156,75834659
Pounds of Materials Used,Total Non-Grain products,2010,9,Total Non-Grain products,84971908,66797376,762737379,730576419
Pounds of Materials Used,Total Used,2010,9,Total Used,563185553,559527204,5185745970,5310316292
Pounds of Materials Used,Grain Products,2010,10,Malt and malt products,333230020,333286901,3563292267,3731548182
Pounds of Materials Used,Grain Products,2010,10,Corn and corn products,51427974,55590153,604900803,612846280
Pounds of Materials Used,Grain Products,2010,10,Rice and rice products,55450803,55167784,612308691,620696534
Pounds of Materials Used,Grain Products,2010,10,Barley and barley products,6203762,3615556,70289002,49428647
Pounds of Materials Used,Grain Products,2010,10,Wheat and wheat products,1053279,1025133,19583666,15569364
Pounds of Materials Used,Total Grain products,2010,10,Total Grain products,447365838,448685527,4870374429,5030089007
Pounds of Materials Used,Non-Grain Products,2010,10,Sugar and syrups,67265699,47840939,660177738,647426679
Pounds of Materials Used,Non-Grain Products,2010,10,Hops (dry),9244763,1326445,76623547,53227307
Pounds of Materials Used,Non-Grain Products,2010,10,Hops (used as extracts),293914,302264,3751314,3566970
Pounds of Materials Used,Non-Grain Products,2010,10,Other,8888902,8944515,107878058,84768249
Pounds of Materials Used,Total Non-Grain products,2010,10,Total Non-Grain products,85693278,58414163,848430657,788989205
Pounds of Materials Used,Total Used,2010,10,Total Used,533059116,507099690,5718805086,5819078212
Pounds of Materials Used,Grain Products,2010,11,Malt and malt products,298251207,309688888,3861508317,4043461219
Pounds of Materials Used,Grain Products,2010,11,Corn and corn products,47348859,47018983,652254266,659865353
Pounds of Materials Used,Grain Products,2010,11,Rice and rice products,53779401,50460060,666087792,671893628
Pounds of Materials Used,Grain Products,2010,11,Barley and barley products,5235825,3374449,75533654,53652072
Pounds of Materials Used,Grain Products,2010,11,Wheat and wheat products,1097679,1116613,20682123,16822657
Pounds of Materials Used,Total Grain products,2010,11,Total Grain products,405712971,411658993,5276066152,5445694929
Pounds of Materials Used,Non-Grain Products,2010,11,Sugar and syrups,59184495,44926666,719362563,692382199
Pounds of Materials Used,Non-Grain Products,2010,11,Hops (dry),7727370,4442654,84351150,57737734
Pounds of Materials Used,Non-Grain Products,2010,11,Hops (used as extracts),281893,289240,4033338,3856410
Pounds of Materials Used,Non-Grain Products,2010,11,Other,9117383,9915569,116995511,94958272
Pounds of Materials Used,Total Non-Grain products,2010,11,Total Non-Grain products,76311141,59574129,924742562,848934615
Pounds of Materials Used,Total Used,2010,11,Total Used,482024112,471233122,6200808714,6294629544
Pounds of Materials Used,Grain Products,2010,12,Malt and malt products,285382073,302237874,4147040380,4345699093
Pounds of Materials Used,Grain Products,2010,12,Corn and corn products,48503335,45851254,700757601,705716607
Pounds of Materials Used,Grain Products,2010,12,Rice and rice products,47504543,51919861,713595821,723813489
Pounds of Materials Used,Grain Products,2010,12,Barley and barley products,12815197,7271474,88354008,60923546
Pounds of Materials Used,Grain Products,2010,12,Wheat and wheat products,1588739,1851868,22279062,18674525
Pounds of Materials Used,Total Grain products,2010,12,Total Grain products,395793887,409132331,5672026872,5854827260
Pounds of Materials Used,Non-Grain Products,2010,12,Sugar and syrups,49709103,39077880,769088843,731460079
Pounds of Materials Used,Non-Grain Products,2010,12,Hops (dry),6540100,3887961,90902672,61625695
Pounds of Materials Used,Non-Grain Products,2010,12,Hops (used as extracts),255382,260877,4288750,4117287
Pounds of Materials Used,Non-Grain Products,2010,12,Other,8217736,8051559,125562163,103009831
Pounds of Materials Used,Total Non-Grain products,2010,12,Total Non-Grain products,64722321,51278277,989842428,900212892
Pounds of Materials Used,Total Used,2010,12,Total Used,460516208,460410608,6661869300,6755040152
Pounds of Materials Used,Grain Products,2011,1,Malt and malt products,322480722,330304432,322480722,330304432
Pounds of Materials Used,Grain Products,2011,1,Corn and corn products,58632672,56705162,58632672,56705162
Pounds of Materials Used,Grain Products,2011,1,Rice and rice products,108112318,59701345,108112318,59701345
Pounds of Materials Used,Grain Products,2011,1,Barley and barley products,4705175,3668374,4705175,3668374
Pounds of Materials Used,Grain Products,2011,1,Wheat and wheat products,1210137,1409685,1210137,1409685
Pounds of Materials Used,Total Grain products,2011,1,Total Grain products,495141024,451788998,495141024,451788998
Pounds of Materials Used,Non-Grain Products,2011,1,Sugar and syrups,73793509,47308358,73793509,47308358
Pounds of Materials Used,Non-Grain Products,2011,1,Hops (dry),6059066,4765924,6059066,4765924
Pounds of Materials Used,Non-Grain Products,2011,1,Hops (used as extracts),296605,271405,296605,271405
Pounds of Materials Used,Non-Grain Products,2011,1,Other,7972930,10537742,7972930,10537742
Pounds of Materials Used,Total Non-Grain products,2011,1,Total Non-Grain products,88122110,62883429,88122110,62883429
Pounds of Materials Used,Total Used,2011,1,Total Used,583263134,514672427,583263134,514672427
Pounds of Materials Used,Grain Products,2011,2,Malt and malt products,307076591,305543380,629878499,635898552
Pounds of Materials Used,Grain Products,2011,2,Corn and corn products,53981943,54486996,112614617,111192158
Pounds of Materials Used,Grain Products,2011,2,Rice and rice products,54287863,55198940,162857353,114900285
Pounds of Materials Used,Grain Products,2011,2,Barley and barley products,4322047,3726630,9037725,7395772
Pounds of Materials Used,Grain Products,2011,2,Wheat and wheat products,955671,1683401,2166958,3097736
Pounds of Materials Used,Total Grain products,2011,2,Total Grain products,420624115,420639347,916555152,872484503
Pounds of Materials Used,Non-Grain Products,2011,2,Sugar and syrups,63374850,46718854,137168398,94027212
Pounds of Materials Used,Non-Grain Products,2011,2,Hops (dry),7617974,4899463,13680934,9666186
Pounds of Materials Used,Non-Grain Products,2011,2,Hops (used as extracts),275963,268589,572584,539994
Pounds of Materials Used,Non-Grain Products,2011,2,Other,7997916,9022834,15971404,19560576
Pounds of Materials Used,Total Non-Grain products,2011,2,Total Non-Grain products,79266703,60909740,167393320,123793968
Pounds of Materials Used,Total Used,2011,2,Total Used,499890818,481549087,1083948472,996278471
Pounds of Materials Used,Grain Products,2011,3,Malt and malt products,363234183,366733254,993661998,1002631806
Pounds of Materials Used,Grain Products,2011,3,Corn and corn products,61094976,60991969,173729653,172184127
Pounds of Materials Used,Grain Products,2011,3,Rice and rice products,62041512,59991160,224908567,174893727
Pounds of Materials Used,Grain Products,2011,3,Barley and barley products,11614373,10220654,20780427,18078778
Pounds of Materials Used,Grain Products,2011,3,Wheat and wheat products,5019351,2762670,7187604,5938978
Pounds of Materials Used,Total Grain products,2011,3,Total Grain products,503004395,500699707,1420268249,1373727416
Pounds of Materials Used,Non-Grain Products,2011,3,Sugar and syrups,74925793,61007512,212105554,155034724
Pounds of Materials Used,Non-Grain Products,2011,3,Hops (dry),10736471,7932387,24423226,17604871
Pounds of Materials Used,Non-Grain Products,2011,3,Hops (used as extracts),350949,320406,923533,860400
Pounds of Materials Used,Non-Grain Products,2011,3,Other,10489641,11678127,26481471,31238829
Pounds of Materials Used,Total Non-Grain products,2011,3,Total Non-Grain products,96502854,80938432,263933784,204738824
Pounds of Materials Used,Total Used,2011,3,Total Used,599507249,581638139,1684202033,1578466240
Pounds of Materials Used,Grain Products,2011,4,Malt and malt products,349781343,374018118,1343443341,1376649924
Pounds of Materials Used,Grain Products,2011,4,Corn and corn products,58628353,61273430,232358006,233457557
Pounds of Materials Used,Grain Products,2011,4,Rice and rice products,53392697,59803024,278301264,234696751
Pounds of Materials Used,Grain Products,2011,4,Barley and barley products,4768751,5030962,25549178,23109740
Pounds of Materials Used,Grain Products,2011,4,Wheat and wheat products,1816659,2247616,9004263,8186594
Pounds of Materials Used,Total Grain products,2011,4,Total Grain products,468387803,502373150,1888656052,1876100566
Pounds of Materials Used,Non-Grain Products,2011,4,Sugar and syrups,68297327,73040421,280402881,228075145
Pounds of Materials Used,Non-Grain Products,2011,4,Hops (dry),9942341,8240399,34365567,25845270
Pounds of Materials Used,Non-Grain Products,2011,4,Hops (used as extracts),330339,456519,1253872,1316919
Pounds of Materials Used,Non-Grain Products,2011,4,Other,10127397,11213037,36608868,42451866
Pounds of Materials Used,Total Non-Grain products,2011,4,Total Non-Grain products,88697404,92950376,352631188,297689200
Pounds of Materials Used,Total Used,2011,4,Total Used,557085207,595323526,2241287240,2173789766
Pounds of Materials Used,Grain Products,2011,5,Malt and malt products,352623620,399504457,1697746189,1776283019
Pounds of Materials Used,Grain Products,2011,5,Corn and corn products,50573951,62684555,282931982,296142112
Pounds of Materials Used,Grain Products,2011,5,Rice and rice products,62118962,69284131,340420276,303980882
Pounds of Materials Used,Grain Products,2011,5,Barley and barley products,5564462,4903020,31323312,28012760
Pounds of Materials Used,Grain Products,2011,5,Wheat and wheat products,1721632,2264521,10756446,10455915
Pounds of Materials Used,Total Grain products,2011,5,Total Grain products,472602627,538640684,2363178205,2414874688
Pounds of Materials Used,Non-Grain Products,2011,5,Sugar and syrups,66314234,76115769,346726296,304191444
Pounds of Materials Used,Non-Grain Products,2011,5,Hops (dry),10076039,9080801,44467742,34927873
Pounds of Materials Used,Non-Grain Products,2011,5,Hops (used as extracts),438895,396737,1699181,1713656
Pounds of Materials Used,Non-Grain Products,2011,5,Other,10565868,11525375,47297694,53977391
Pounds of Materials Used,Total Non-Grain products,2011,5,Total Non-Grain products,87395036,97118682,440190913,394810364
Pounds of Materials Used,Total Used,2011,5,Total Used,559997663,635759366,2803369118,2809685052
Pounds of Materials Used,Grain Products,2011,6,Malt and malt products,372541998,380521275,2071295858,2156804294
Pounds of Materials Used,Grain Products,2011,6,Corn and corn products,49399750,60811086,332332032,356953198
Pounds of Materials Used,Grain Products,2011,6,Rice and rice products,69701464,66627541,410453892,370610846
Pounds of Materials Used,Grain Products,2011,6,Barley and barley products,10363329,11280602,42085597,39293362
Pounds of Materials Used,Grain Products,2011,6,Wheat and wheat products,2305971,2896874,13092158,13352789
Pounds of Materials Used,Total Grain products,2011,6,Total Grain products,504312512,522137378,2869259537,2937014489
Pounds of Materials Used,Non-Grain Products,2011,6,Sugar and syrups,67178952,67266337,413899400,371457781
Pounds of Materials Used,Non-Grain Products,2011,6,Hops (dry),10603566,10418215,55168523,45346088
Pounds of Materials Used,Non-Grain Products,2011,6,Hops (used as extracts),338467,355258,2038458,2068914
Pounds of Materials Used,Non-Grain Products,2011,6,Other,11982901,12877498,59314575,66854889
Pounds of Materials Used,Total Non-Grain products,2011,6,Total Non-Grain products,90103886,90917308,530420956,485727672
Pounds of Materials Used,Total Used,2011,6,Total Used,594416398,613054686,3399680493,3422742161
Pounds of Materials Used,Grain Products,2011,7,Malt and malt products,350751002,384726834,2424169705,2541632782
Pounds of Materials Used,Grain Products,2011,7,Corn and corn products,47864835,58694301,380216079,415647499
Pounds of Materials Used,Grain Products,2011,7,Rice and rice products,69787950,68031711,480241892,438778557
Pounds of Materials Used,Grain Products,2011,7,Barley and barley products,6014579,5224206,50818308,44518051
Pounds of Materials Used,Grain Products,2011,7,Wheat and wheat products,1523087,1628102,14720613,14982132
Pounds of Materials Used,Total Grain products,2011,7,Total Grain products,475941453,518305154,3350166597,3455559021
Pounds of Materials Used,Non-Grain Products,2011,7,Sugar and syrups,62190400,76584550,476106844,448042331
Pounds of Materials Used,Non-Grain Products,2011,7,Hops (dry),9514024,8297261,64788024,53664131
Pounds of Materials Used,Non-Grain Products,2011,7,Hops (used as extracts),333313,369505,2372160,2438419
Pounds of Materials Used,Non-Grain Products,2011,7,Other,9659056,13378852,69709603,80233741
Pounds of Materials Used,Total Non-Grain products,2011,7,Total Non-Grain products,81696793,98630168,612976631,584378622
Pounds of Materials Used,Total Used,2011,7,Total Used,557638246,616935322,3963143228,4039937643
Pounds of Materials Used,Grain Products,2011,8,Malt and malt products,361924350,358726926,2787085795,2900309187
Pounds of Materials Used,Grain Products,2011,8,Corn and corn products,49085339,60424525,429301155,476073574
Pounds of Materials Used,Grain Products,2011,8,Rice and rice products,72428017,63192375,552680384,501970932
Pounds of Materials Used,Grain Products,2011,8,Barley and barley products,6775228,5276045,58323557,49971697
Pounds of Materials Used,Grain Products,2011,8,Wheat and wheat products,1749667,1379102,16528285,16376834
Pounds of Materials Used,Total Grain products,2011,8,Total Grain products,491962601,488998973,3843919176,3944702224
Pounds of Materials Used,Non-Grain Products,2011,8,Sugar and syrups,60003874,75815015,536119262,523858114
Pounds of Materials Used,Non-Grain Products,2011,8,Hops (dry),7575266,7272871,72380105,60938386
Pounds of Materials Used,Non-Grain Products,2011,8,Hops (used as extracts),324190,718808,2696353,3157284
Pounds of Materials Used,Non-Grain Products,2011,8,Other,9175477,9572674,79042512,89808240
Pounds of Materials Used,Total Non-Grain products,2011,8,Total Non-Grain products,77078807,93379368,690238232,677762024
Pounds of Materials Used,Total Used,2011,8,Total Used,569041408,582378341,4534157408,4622464248
Pounds of Materials Used,Grain Products,2011,9,Malt and malt products,312845217,329671455,3107159382,3230062247
Pounds of Materials Used,Grain Products,2011,9,Corn and corn products,47180399,77399155,476614073,553472829
Pounds of Materials Used,Grain Products,2011,9,Rice and rice products,55188865,54884345,607871709,556857888
Pounds of Materials Used,Grain Products,2011,9,Barley and barley products,32343039,14107767,92330824,64085240
Pounds of Materials Used,Grain Products,2011,9,Wheat and wheat products,2260859,2150923,18963972,18530387
Pounds of Materials Used,Total Grain products,2011,9,Total Grain products,449818379,478213645,4302939960,4423008591
Pounds of Materials Used,Non-Grain Products,2011,9,Sugar and syrups,61317581,69053125,598050404,592912039
Pounds of Materials Used,Non-Grain Products,2011,9,Hops (dry),7462299,6437916,79901872,67378784
Pounds of Materials Used,Non-Grain Products,2011,9,Hops (used as extracts),298977,300116,2995436,3457400
Pounds of Materials Used,Non-Grain Products,2011,9,Other,10334415,9180751,90288463,98989156
Pounds of Materials Used,Total Non-Grain products,2011,9,Total Non-Grain products,79413272,84971908,771236175,762737379
Pounds of Materials Used,Total Used,2011,9,Total Used,529231651,563185553,5074176135,5185745970
Pounds of Materials Used,Grain Products,2011,10,Malt and malt products,313380880,333230020,3420540262,3563292267
Pounds of Materials Used,Grain Products,2011,10,Corn and corn products,48090884,51427974,524704957,604900803
Pounds of Materials Used,Grain Products,2011,10,Rice and rice products,50132872,55450803,658004581,612308691
Pounds of Materials Used,Grain Products,2011,10,Barley and barley products,6773403,6203762,99104227,70289002
Pounds of Materials Used,Grain Products,2011,10,Wheat and wheat products,1555618,1053279,20519590,19583666
Pounds of Materials Used,Total Grain products,2011,10,Total Grain products,419933657,447365838,4722873617,4870374429
Pounds of Materials Used,Non-Grain Products,2011,10,Sugar and syrups,65478836,67265699,663529240,660177738
Pounds of Materials Used,Non-Grain Products,2011,10,Hops (dry),7238838,9244763,87140710,76623547
Pounds of Materials Used,Non-Grain Products,2011,10,Hops (used as extracts),306588,293914,3302024,3751314
Pounds of Materials Used,Non-Grain Products,2011,10,Other,9544745,8888902,99833208,107878058
Pounds of Materials Used,Total Non-Grain products,2011,10,Total Non-Grain products,82569007,85693278,853805182,848430657
Pounds of Materials Used,Total Used,2011,10,Total Used,502502664,533059116,5576678799,5718805086
Pounds of Materials Used,Grain Products,2011,11,Malt and malt products,303152329,298251207,3725087716,3861508317
Pounds of Materials Used,Grain Products,2011,11,Corn and corn products,53879230,47348859,578634062,652254266
Pounds of Materials Used,Grain Products,2011,11,Rice and rice products,43496310,53779401,701501477,666087792
Pounds of Materials Used,Grain Products,2011,11,Barley and barley products,5909830,5235825,110447469,75533654
Pounds of Materials Used,Grain Products,2011,11,Wheat and wheat products,1297888,1097679,22221291,20682123
Pounds of Materials Used,Total Grain products,2011,11,Total Grain products,407735587,405712971,5137892015,5276066152
Pounds of Materials Used,Non-Grain Products,2011,11,Sugar and syrups,55627592,59184495,719192663,719362563
Pounds of Materials Used,Non-Grain Products,2011,11,Hops (dry),8455615,7727370,95677718,84351150
Pounds of Materials Used,Non-Grain Products,2011,11,Hops (used as extracts),290356,281893,3592971,4033338
Pounds of Materials Used,Non-Grain Products,2011,11,Other,8504780,9117383,108413304,116995511
Pounds of Materials Used,Total Non-Grain products,2011,11,Total Non-Grain products,72878343,76311141,926876656,924742562
Pounds of Materials Used,Total Used,2011,11,Total Used,480613930,482024112,6064768671,6200808714
Pounds of Materials Used,Grain Products,2011,12,Malt and malt products,293640890,285382073,4021632730,4147040380
Pounds of Materials Used,Grain Products,2011,12,Corn and corn products,50507994,48503335,629143328,700757601
Pounds of Materials Used,Grain Products,2011,12,Rice and rice products,46841203,47504543,748353836,713595821
Pounds of Materials Used,Grain Products,2011,12,Barley and barley products,11793946,12815197,123144856,88354008
Pounds of Materials Used,Grain Products,2011,12,Wheat and wheat products,1612682,1588739,23849805,22279062
Pounds of Materials Used,Total Grain products,2011,12,Total Grain products,404396715,395793887,5546124555,5672026872
Pounds of Materials Used,Non-Grain Products,2011,12,Sugar and syrups,52413557,49709103,771622081,769088843
Pounds of Materials Used,Non-Grain Products,2011,12,Hops (dry),11606511,6540100,107566361,90902672
Pounds of Materials Used,Non-Grain Products,2011,12,Hops (used as extracts),238892,255382,3831826,4288750
Pounds of Materials Used,Non-Grain Products,2011,12,Other,8090886,8217736,116335663,125562163
Pounds of Materials Used,Total Non-Grain products,2011,12,Total Non-Grain products,72349846,64722321,999355931,989842428
Pounds of Materials Used,Total Used,2011,12,Total Used,476746561,460516208,6545480486,6661869300
Pounds of Materials Used,Grain Products,2012,1,Malt and malt products,315214803,323332497,315214803,323332497
Pounds of Materials Used,Grain Products,2012,1,Corn and corn products,61859978,58875604,61859978,58875604
Pounds of Materials Used,Grain Products,2012,1,Rice and rice products,63568058,108570592,63568058,108570592
Pounds of Materials Used,Grain Products,2012,1,Barley and barley products,5391781,5265988,5391781,5265988
Pounds of Materials Used,Grain Products,2012,1,Wheat and wheat products,1319508,1232206,1319508,1232206
Pounds of Materials Used,Total Grain products,2012,1,Total Grain products,447354128,497276887,447354128,497276887
Pounds of Materials Used,Non-Grain Products,2012,1,Sugar and syrups,62988309,73785535,62988309,73785535
Pounds of Materials Used,Non-Grain Products,2012,1,Hops (dry),9562820,6073312,9562820,6073312
Pounds of Materials Used,Non-Grain Products,2012,1,Hops (used as extracts),293488,296621,293488,296621
Pounds of Materials Used,Non-Grain Products,2012,1,Other,8994300,8177092,8994300,8177092
Pounds of Materials Used,Total Non-Grain products,2012,1,Total Non-Grain products,81838917,88332560,81838917,88332560
Pounds of Materials Used,Total Used,2012,1,Total Used,529193045,585609447,529193045,585609447
Pounds of Materials Used,Grain Products,2012,2,Malt and malt products,320430694,307475210,636820934,630807707
Pounds of Materials Used,Grain Products,2012,2,Corn and corn products,62631394,54002003,124491372,112877607
Pounds of Materials Used,Grain Products,2012,2,Rice and rice products,54333308,54297565,117901366,162868157
Pounds of Materials Used,Grain Products,2012,2,Barley and barley products,5493934,4869495,10926305,10155113
Pounds of Materials Used,Grain Products,2012,2,Wheat and wheat products,1358318,998978,2680046,2231289
Pounds of Materials Used,Total Grain products,2012,2,Total Grain products,444247648,421643251,892820023,918939873
Pounds of Materials Used,Non-Grain Products,2012,2,Sugar and syrups,65344809,63397161,128336218,137182696
Pounds of Materials Used,Non-Grain Products,2012,2,Hops (dry),1366949,7629811,10951851,13703338
Pounds of Materials Used,Non-Grain Products,2012,2,Hops (used as extracts),361152,275916,654640,572537
Pounds of Materials Used,Non-Grain Products,2012,2,Other,7134068,8143346,16235753,16320438
Pounds of Materials Used,Total Non-Grain products,2012,2,Total Non-Grain products,74206978,79446234,156178462,167779009
Pounds of Materials Used,Total Used,2012,2,Total Used,518454626,501089485,1048998485,1086718882
Pounds of Materials Used,Grain Products,2012,3,Malt and malt products,366122047,365470822,1009578654,996278529
Pounds of Materials Used,Grain Products,2012,3,Corn and corn products,62376094,60979980,186867466,173857587
Pounds of Materials Used,Grain Products,2012,3,Rice and rice products,59022797,62043120,176982238,224914647
Pounds of Materials Used,Grain Products,2012,3,Barley and barley products,15647530,13007288,27337434,23162401
Pounds of Materials Used,Grain Products,2012,3,Wheat and wheat products,2817135,5156353,5551157,7387642
Pounds of Materials Used,Total Grain products,2012,3,Total Grain products,505985603,506657563,1406316949,1425600806
Pounds of Materials Used,Non-Grain Products,2012,3,Sugar and syrups,79859286,75535061,208502522,212717757
Pounds of Materials Used,Non-Grain Products,2012,3,Hops (dry),10288665,10797329,21369040,24500667
Pounds of Materials Used,Non-Grain Products,2012,3,Hops (used as extracts),335010,358304,990107,930841
Pounds of Materials Used,Non-Grain Products,2012,3,Other,11713920,10781726,28047171,27102164
Pounds of Materials Used,Total Non-Grain products,2012,3,Total Non-Grain products,102196881,97472420,258908840,265251429
Pounds of Materials Used,Total Used,2012,3,Total Used,608182484,604129983,1665225789,1690852235
Pounds of Materials Used,Grain Products,2012,4,Malt and malt products,357106000,350632291,1371811277,1347043418
Pounds of Materials Used,Grain Products,2012,4,Corn and corn products,61313630,58634343,248184524,232491930
Pounds of Materials Used,Grain Products,2012,4,Rice and rice products,57264320,53392697,234475024,278307344
Pounds of Materials Used,Grain Products,2012,4,Barley and barley products,7634002,6176978,35997170,29387059
Pounds of Materials Used,Grain Products,2012,4,Wheat and wheat products,2001345,1892923,7697704,9563612
Pounds of Materials Used,Total Grain products,2012,4,Total Grain products,485319297,470729232,1898165699,1896793363
Pounds of Materials Used,Non-Grain Products,2012,4,Sugar and syrups,82481856,68304781,292062517,281027866
Pounds of Materials Used,Non-Grain Products,2012,4,Hops (dry),11641934,9995292,33123667,34498385
Pounds of Materials Used,Non-Grain Products,2012,4,Hops (used as extracts),338454,330339,1329131,1261180
Pounds of Materials Used,Non-Grain Products,2012,4,Other,9872076,10332065,37195769,37426741
Pounds of Materials Used,Total Non-Grain products,2012,4,Total Non-Grain products,104334320,88962477,363711084,354214172
Pounds of Materials Used,Total Used,2012,4,Total Used,589653617,559691709,2261876783,2251007535
Pounds of Materials Used,Grain Products,2012,5,Malt and malt products,373071360,353100730,1744882637,1700144148
Pounds of Materials Used,Grain Products,2012,5,Corn and corn products,66220273,50574451,314404797,283066381
Pounds of Materials Used,Grain Products,2012,5,Rice and rice products,61702673,62449812,296177697,340757156
Pounds of Materials Used,Grain Products,2012,5,Barley and barley products,7116069,6393541,43113239,35780600
Pounds of Materials Used,Grain Products,2012,5,Wheat and wheat products,2141313,1784974,9839017,11348586
Pounds of Materials Used,Total Grain products,2012,5,Total Grain products,510251688,474303508,2408417387,2371096871
Pounds of Materials Used,Non-Grain Products,2012,5,Sugar and syrups,87785168,66296984,379847685,347324850
Pounds of Materials Used,Non-Grain Products,2012,5,Hops (dry),12583340,10156488,45707007,44654873
Pounds of Materials Used,Non-Grain Products,2012,5,Hops (used as extracts),346461,438895,1675592,1700075
Pounds of Materials Used,Non-Grain Products,2012,5,Other,10260031,10803617,47455800,48230358
Pounds of Materials Used,Total Non-Grain products,2012,5,Total Non-Grain products,110975000,87695984,474686084,441910156
Pounds of Materials Used,Total Used,2012,5,Total Used,621226688,561999492,2883103471,2813007027
Pounds of Materials Used,Grain Products,2012,6,Malt and malt products,387306474,382627845,2132189111,2082771993
Pounds of Materials Used,Grain Products,2012,6,Corn and corn products,63113188,49417181,377517985,332483562
Pounds of Materials Used,Grain Products,2012,6,Rice and rice products,59527958,69708002,355705655,410468391
Pounds of Materials Used,Grain Products,2012,6,Barley and barley products,17104839,14997119,60218078,50777719
Pounds of Materials Used,Grain Products,2012,6,Wheat and wheat products,2947584,2654541,12786601,14003127
Pounds of Materials Used,Total Grain products,2012,6,Total Grain products,530000043,519404688,2938417430,2890504792
Pounds of Materials Used,Non-Grain Products,2012,6,Sugar and syrups,89443470,67274820,469291155,414599670
Pounds of Materials Used,Non-Grain Products,2012,6,Hops (dry),12720422,10758127,58427429,55413000
Pounds of Materials Used,Non-Grain Products,2012,6,Hops (used as extracts),474060,339374,2149652,2039449
Pounds of Materials Used,Non-Grain Products,2012,6,Other,11784212,12455007,59240012,60685365
Pounds of Materials Used,Total Non-Grain products,2012,6,Total Non-Grain products,114422164,90827328,589108248,532737484
Pounds of Materials Used,Total Used,2012,6,Total Used,644422207,610232016,3527525678,3423242276
Pounds of Materials Used,Grain Products,2012,7,Malt and malt products,363222892,351467408,2495455374,2434239401
Pounds of Materials Used,Grain Products,2012,7,Corn and corn products,62878256,47894955,440396241,380378517
Pounds of Materials Used,Grain Products,2012,7,Rice and rice products,60381322,69787386,416387427,480255777
Pounds of Materials Used,Grain Products,2012,7,Barley and barley products,9486054,6744178,69704132,57521897
Pounds of Materials Used,Grain Products,2012,7,Wheat and wheat products,2062199,1571775,14848800,15574902
Pounds of Materials Used,Total Grain products,2012,7,Total Grain products,498030723,477465702,3436791974,3367970494
Pounds of Materials Used,Non-Grain Products,2012,7,Sugar and syrups,92543919,62189365,561835567,476789035
Pounds of Materials Used,Non-Grain Products,2012,7,Hops (dry),12188084,9636063,70616140,65049063
Pounds of Materials Used,Non-Grain Products,2012,7,Hops (used as extracts),391852,333300,2541504,2372749
Pounds of Materials Used,Non-Grain Products,2012,7,Other,10558223,9961526,69802320,70646891
Pounds of Materials Used,Total Non-Grain products,2012,7,Total Non-Grain products,115682078,82120254,704795531,614857738
Pounds of Materials Used,Total Used,2012,7,Total Used,613712801,559585956,4141587505,3982828232
Pounds of Materials Used,Grain Products,2012,8,Malt and malt products,362799587,363072250,2861516025,2797402418
Pounds of Materials Used,Grain Products,2012,8,Corn and corn products,53320491,49105904,493716582,429484421
Pounds of Materials Used,Grain Products,2012,8,Rice and rice products,65214228,72428017,481602155,552683794
Pounds of Materials Used,Grain Products,2012,8,Barley and barley products,8622164,7610778,78447311,65132675
Pounds of Materials Used,Grain Products,2012,8,Wheat and wheat products,2286719,1690506,17167694,17265408
Pounds of Materials Used,Total Grain products,2012,8,Total Grain products,492243189,493907455,3932449767,3861968716
Pounds of Materials Used,Non-Grain Products,2012,8,Sugar and syrups,77156577,60020743,638996528,536809778
Pounds of Materials Used,Non-Grain Products,2012,8,Hops (dry),10374025,7609273,81031064,72660073
Pounds of Materials Used,Non-Grain Products,2012,8,Hops (used as extracts),472469,324174,3013973,2696923
Pounds of Materials Used,Non-Grain Products,2012,8,Other,10626133,9426213,80434301,80073104
Pounds of Materials Used,Total Non-Grain products,2012,8,Total Non-Grain products,98629204,77380403,803475866,692239878
Pounds of Materials Used,Total Used,2012,8,Total Used,590872393,571287858,4735925633,4554208594
Pounds of Materials Used,Grain Products,2012,9,Malt and malt products,336789908,316174474,3198706275,3113790323
Pounds of Materials Used,Grain Products,2012,9,Corn and corn products,50320517,47184013,544038171,476668434
Pounds of Materials Used,Grain Products,2012,9,Rice and rice products,62119884,55199197,543722039,607885884
Pounds of Materials Used,Grain Products,2012,9,Barley and barley products,16834020,34557083,95632721,99689758
Pounds of Materials Used,Grain Products,2012,9,Wheat and wheat products,2676324,2397458,19871889,19665916
Pounds of Materials Used,Total Grain products,2012,9,Total Grain products,468740653,455512225,4401971095,4317700315
Pounds of Materials Used,Non-Grain Products,2012,9,Sugar and syrups,65251144,61369571,704250177,598179633
Pounds of Materials Used,Non-Grain Products,2012,9,Hops (dry),10180667,7645101,91226983,80307376
Pounds of Materials Used,Non-Grain Products,2012,9,Hops (used as extracts),301893,299612,3315866,2996535
Pounds of Materials Used,Non-Grain Products,2012,9,Other,11155361,10127576,91721051,90200730
Pounds of Materials Used,Total Non-Grain products,2012,9,Total Non-Grain products,86889065,79441860,890514077,771684274
Pounds of Materials Used,Total Used,2012,9,Total Used,555629718,534954085,5292485172,5089384589
Pounds of Materials Used,Grain Products,2012,10,Malt and malt products,321542825,313742612,3510158822,3427666793
Pounds of Materials Used,Grain Products,2012,10,Corn and corn products,50852126,48091550,591761974,524759984
Pounds of Materials Used,Grain Products,2012,10,Rice and rice products,59885904,50351803,603837897,658237709
Pounds of Materials Used,Grain Products,2012,10,Barley and barley products,9353404,7733859,105883583,107427284
Pounds of Materials Used,Grain Products,2012,10,Wheat and wheat products,1762481,1542572,21677425,21210564
Pounds of Materials Used,Total Grain products,2012,10,Total Grain products,443396740,421462396,4833319701,4739302334
Pounds of Materials Used,Non-Grain Products,2012,10,Sugar and syrups,70185532,65484823,769380701,663664645
Pounds of Materials Used,Non-Grain Products,2012,10,Hops (dry),9505007,7269967,100770829,87578226
Pounds of Materials Used,Non-Grain Products,2012,10,Hops (used as extracts),309173,306580,3621699,3303115
Pounds of Materials Used,Non-Grain Products,2012,10,Other,10274692,9706496,102099596,99959413
Pounds of Materials Used,Total Non-Grain products,2012,10,Total Non-Grain products,90274404,82767866,975872825,854505399
Pounds of Materials Used,Total Used,2012,10,Total Used,533671144,504230262,5809192526,5593807733
Pounds of Materials Used,Grain Products,2012,11,Malt and malt products,295672895,303863556,3806333537,3731543767
Pounds of Materials Used,Grain Products,2012,11,Corn and corn products,44981825,53879230,636743799,578639214
Pounds of Materials Used,Grain Products,2012,11,Rice and rice products,61082730,43496310,664921077,701734019
Pounds of Materials Used,Grain Products,2012,11,Barley and barley products,7563555,6071240,113988430,113498524
Pounds of Materials Used,Grain Products,2012,11,Wheat and wheat products,1709859,1301413,23461660,22511977
Pounds of Materials Used,Total Grain products,2012,11,Total Grain products,411010864,408611749,5245448503,5147927501
Pounds of Materials Used,Non-Grain Products,2012,11,Sugar and syrups,64916501,55693438,834319750,719358083
Pounds of Materials Used,Non-Grain Products,2012,11,Hops (dry),10621547,8468114,111411157,96047060
Pounds of Materials Used,Non-Grain Products,2012,11,Hops (used as extracts),303256,290356,3925112,3593471
Pounds of Materials Used,Non-Grain Products,2012,11,Other,9681814,8545030,111831223,108658331
Pounds of Materials Used,Total Non-Grain products,2012,11,Total Non-Grain products,85523118,72996938,1061487242,927656945
Pounds of Materials Used,Total Used,2012,11,Total Used,496533982,481608687,6306935745,6075584446
Pounds of Materials Used,Grain Products,2012,12,Malt and malt products,299861553,296947972,4106758575,4028492092
Pounds of Materials Used,Grain Products,2012,12,Corn and corn products,43809820,50510647,680554131,629149861
Pounds of Materials Used,Grain Products,2012,12,Rice and rice products,51883289,46842712,716807617,748578581
Pounds of Materials Used,Grain Products,2012,12,Barley and barley products,14176754,14327681,128649934,127832365
Pounds of Materials Used,Grain Products,2012,12,Wheat and wheat products,1789996,1825143,25287736,24337120
Pounds of Materials Used,Total Grain products,2012,12,Total Grain products,411521412,410454155,5658057993,5558390019
Pounds of Materials Used,Non-Grain Products,2012,12,Sugar and syrups,59586860,52502259,893916021,771860342
Pounds of Materials Used,Non-Grain Products,2012,12,Hops (dry),7808600,11679476,119240171,107726628
Pounds of Materials Used,Non-Grain Products,2012,12,Hops (used as extracts),293877,238912,4219099,3832383
Pounds of Materials Used,Non-Grain Products,2012,12,Other,9358030,8397688,121203365,117056019
Pounds of Materials Used,Total Non-Grain products,2012,12,Total Non-Grain products,77047367,72818335,1138578656,1000475372
Pounds of Materials Used,Total Used,2012,12,Total Used,488568779,483272490,6796636649,6558865391
Pounds of Materials Used,Grain Products,2013,1,Malt and malt products,326450615,322367885,326450615,322367885
Pounds of Materials Used,Grain Products,2013,1,Corn and corn products,50597106,61859978,50597106,61859978
Pounds of Materials Used,Grain Products,2013,1,Rice and rice products,62177066,63568058,62177066,63568058
Pounds of Materials Used,Grain Products,2013,1,Barley and barley products,7749970,5830442,7749970,5830442
Pounds of Materials Used,Grain Products,2013,1,Wheat and wheat products,1537526,1345768,1537526,1345768
Pounds of Materials Used,Total Grain products,2013,1,Total Grain products,448512283,454972131,448512283,454972131
Pounds of Materials Used,Non-Grain Products,2013,1,Sugar and syrups,72878590,63306838,72878590,63306838
Pounds of Materials Used,Non-Grain Products,2013,1,Hops (dry),9164708,9657602,9164708,9657602
Pounds of Materials Used,Non-Grain Products,2013,1,Hops (used as extracts),323285,293488,323285,293488
Pounds of Materials Used,Non-Grain Products,2013,1,Other,10673797,9176359,10673797,9176359
Pounds of Materials Used,Total Non-Grain products,2013,1,Total Non-Grain products,93040380,82434287,93040380,82434287
Pounds of Materials Used,Total Used,2013,1,Total Used,541552663,537406418,541552663,537406418
Pounds of Materials Used,Grain Products,2013,2,Malt and malt products,311283986,323703710,637743284,646071595
Pounds of Materials Used,Grain Products,2013,2,Corn and corn products,46499056,62631394,97096162,124491372
Pounds of Materials Used,Grain Products,2013,2,Rice and rice products,61926310,54391383,124103376,117959441
Pounds of Materials Used,Grain Products,2013,2,Barley and barley products,7486134,6060620,15629894,11891062
Pounds of Materials Used,Grain Products,2013,2,Wheat and wheat products,1823446,1422257,3361027,2768025
Pounds of Materials Used,Total Grain products,2013,2,Total Grain products,429018932,448209364,877933743,903181495
Pounds of Materials Used,Non-Grain Products,2013,2,Sugar and syrups,71244280,65774233,144122870,129081071
Pounds of Materials Used,Non-Grain Products,2013,2,Hops (dry),9456485,1464601,18624716,11122203
Pounds of Materials Used,Non-Grain Products,2013,2,Hops (used as extracts),324126,361917,647411,655405
Pounds of Materials Used,Non-Grain Products,2013,2,Other,9279419,7170348,19953316,16346707
Pounds of Materials Used,Total Non-Grain products,2013,2,Total Non-Grain products,90304310,74771099,183348313,157205386
Pounds of Materials Used,Total Used,2013,2,Total Used,519323242,522980463,1061282056,1060386881
Pounds of Materials Used,Grain Products,2013,3,Malt and malt products,340319408,369980511,978521908,1016074881
Pounds of Materials Used,Grain Products,2013,3,Corn and corn products,47314812,62379904,144443324,186877176
Pounds of Materials Used,Grain Products,2013,3,Rice and rice products,62869950,59250359,187206449,177211213
Pounds of Materials Used,Grain Products,2013,3,Barley and barley products,15469983,16967432,31115345,28858494
Pounds of Materials Used,Grain Products,2013,3,Wheat and wheat products,2721578,2947590,6118304,5715615
Pounds of Materials Used,Total Grain products,2013,3,Total Grain products,468695731,511525796,1347405330,1414737379
Pounds of Materials Used,Non-Grain Products,2013,3,Sugar and syrups,85703037,80530575,229846046,209611646
Pounds of Materials Used,Non-Grain Products,2013,3,Hops (dry),9754327,10388838,28393760,21511041
Pounds of Materials Used,Non-Grain Products,2013,3,Hops (used as extracts),372356,335457,1020346,990990
Pounds of Materials Used,Non-Grain Products,2013,3,Other,13802289,11070873,33755640,27417580
Pounds of Materials Used,Total Non-Grain products,2013,3,Total Non-Grain products,109632009,102325743,293015792,259531257
Pounds of Materials Used,Total Used,2013,3,Total Used,578327740,613851539,1640421122,1674268636
Pounds of Materials Used,Grain Products,2013,4,Malt and malt products,334351807,345013324,1313106808,1361088497
Pounds of Materials Used,Grain Products,2013,4,Corn and corn products,46416330,58184490,190859654,245061666
Pounds of Materials Used,Grain Products,2013,4,Rice and rice products,63584763,57264320,250791532,234475533
Pounds of Materials Used,Grain Products,2013,4,Barley and barley products,8355161,7616737,39531319,36443341
Pounds of Materials Used,Grain Products,2013,4,Wheat and wheat products,2339352,2001978,8468371,7717893
Pounds of Materials Used,Total Grain products,2013,4,Total Grain products,455047413,470080849,1802757684,1884786930
Pounds of Materials Used,Non-Grain Products,2013,4,Sugar and syrups,92273777,77370856,322119540,286982452
Pounds of Materials Used,Non-Grain Products,2013,4,Hops (dry),9791137,11620990,38190319,33131750
Pounds of Materials Used,Non-Grain Products,2013,4,Hops (used as extracts),302532,338454,1322880,1329444
Pounds of Materials Used,Non-Grain Products,2013,4,Other,11928594,9872116,45727189,37289696
Pounds of Materials Used,Total Non-Grain products,2013,4,Total Non-Grain products,114296040,99202416,407359928,358733342
Pounds of Materials Used,Total Used,2013,4,Total Used,569343453,569283265,2210117612,2243520272
Pounds of Materials Used,Grain Products,2013,5,Malt and malt products,353589770,373536872,1667088721,1734625369
Pounds of Materials Used,Grain Products,2013,5,Corn and corn products,53185970,66220273,244045914,311281939
Pounds of Materials Used,Grain Products,2013,5,Rice and rice products,65774053,61702673,316565981,296178206
Pounds of Materials Used,Grain Products,2013,5,Barley and barley products,9322039,7121884,49109945,43567547
Pounds of Materials Used,Grain Products,2013,5,Wheat and wheat products,4781594,2141616,13275009,9860359
Pounds of Materials Used,Total Grain products,2013,5,Total Grain products,486653426,510723318,2290085570,2395513420
Pounds of Materials Used,Non-Grain Products,2013,5,Sugar and syrups,96158421,87785368,418279540,374767820
Pounds of Materials Used,Non-Grain Products,2013,5,Hops (dry),10286943,12587512,48491993,45719343
Pounds of Materials Used,Non-Grain Products,2013,5,Hops (used as extracts),323157,346461,1646397,1675905
Pounds of Materials Used,Non-Grain Products,2013,5,Other,12546040,10260093,58366513,47549793
Pounds of Materials Used,Total Non-Grain products,2013,5,Total Non-Grain products,119314561,110979434,526784443,469712861
Pounds of Materials Used,Total Used,2013,5,Total Used,605967987,621702752,2816870013,2865226281
Pounds of Materials Used,Grain Products,2013,6,Malt and malt products,370101067,389769307,2037533510,2124394566
Pounds of Materials Used,Grain Products,2013,6,Corn and corn products,53527463,63114556,297573337,374396495
Pounds of Materials Used,Grain Products,2013,6,Rice and rice products,64271218,59826990,380837199,356007412
Pounds of Materials Used,Grain Products,2013,6,Barley and barley products,18971859,18133225,68171671,61711456
Pounds of Materials Used,Grain Products,2013,6,Wheat and wheat products,3161620,3038029,16442620,12898943
Pounds of Materials Used,Total Grain products,2013,6,Total Grain products,510033227,533882107,2800558337,2929408872
Pounds of Materials Used,Non-Grain Products,2013,6,Sugar and syrups,87459068,89473918,505742949,464241546
Pounds of Materials Used,Non-Grain Products,2013,6,Hops (dry),12319034,12779044,60819301,58498602
Pounds of Materials Used,Non-Grain Products,2013,6,Hops (used as extracts),338940,474042,1985337,2149947
Pounds of Materials Used,Non-Grain Products,2013,6,Other,13473911,11927654,71841647,59481961
Pounds of Materials Used,Total Non-Grain products,2013,6,Total Non-Grain products,113590953,114654658,640389234,584372056
Pounds of Materials Used,Total Used,2013,6,Total Used,623624180,648536765,3440947571,3513780928
Pounds of Materials Used,Grain Products,2013,7,Malt and malt products,367999200,365453746,2408459032,2489932460
Pounds of Materials Used,Grain Products,2013,7,Corn and corn products,49297406,62909656,346874173,437306476
Pounds of Materials Used,Grain Products,2013,7,Rice and rice products,76426446,60381622,457840860,416389034
Pounds of Materials Used,Grain Products,2013,7,Barley and barley products,9479272,9618491,78446792,71375423
Pounds of Materials Used,Grain Products,2013,7,Wheat and wheat products,2159949,2062727,18630593,14982861
Pounds of Materials Used,Total Grain products,2013,7,Total Grain products,505362273,500426242,3310251450,3429986254
Pounds of Materials Used,Non-Grain Products,2013,7,Sugar and syrups,89540845,92544473,595308571,556786019
Pounds of Materials Used,Non-Grain Products,2013,7,Hops (dry),11044977,12218257,71895795,70718223
Pounds of Materials Used,Non-Grain Products,2013,7,Hops (used as extracts),345552,393114,2330937,2543061
Pounds of Materials Used,Non-Grain Products,2013,7,Other,13505472,10561030,85399277,70042991
Pounds of Materials Used,Total Non-Grain products,2013,7,Total Non-Grain products,114436846,115716874,754934580,700090294
Pounds of Materials Used,Total Used,2013,7,Total Used,619799119,616143116,4065186030,4130076548
Pounds of Materials Used,Grain Products,2013,8,Malt and malt products,339968116,363026092,2748512374,2852958552
Pounds of Materials Used,Grain Products,2013,8,Corn and corn products,50568490,53320491,397442663,490626967
Pounds of Materials Used,Grain Products,2013,8,Rice and rice products,66799703,65214228,524640563,481603262
Pounds of Materials Used,Grain Products,2013,8,Barley and barley products,10069803,8648582,88589643,80024005
Pounds of Materials Used,Grain Products,2013,8,Wheat and wheat products,1940771,2305077,20572464,17287938
Pounds of Materials Used,Total Grain products,2013,8,Total Grain products,469346883,492514470,3779757707,3922500724
Pounds of Materials Used,Non-Grain Products,2013,8,Sugar and syrups,79896297,77157136,675204944,633943155
Pounds of Materials Used,Non-Grain Products,2013,8,Hops (dry),1670049,10385936,73568514,81104159
Pounds of Materials Used,Non-Grain Products,2013,8,Hops (used as extracts),324649,470391,2655590,3013452
Pounds of Materials Used,Non-Grain Products,2013,8,Other,13373297,10627949,98772814,80670940
Pounds of Materials Used,Total Non-Grain products,2013,8,Total Non-Grain products,95264292,98641412,850201862,798731706
Pounds of Materials Used,Total Used,2013,8,Total Used,564611175,591155882,4629959569,4721232430
Pounds of Materials Used,Grain Products,2013,9,Malt and malt products,303711377,340132804,3054364684,3192655606
Pounds of Materials Used,Grain Products,2013,9,Corn and corn products,51834721,50321940,449278053,540948907
Pounds of Materials Used,Grain Products,2013,9,Rice and rice products,53400257,62349936,578040830,543956009
Pounds of Materials Used,Grain Products,2013,9,Barley and barley products,19626718,18714638,109001857,98791323
Pounds of Materials Used,Grain Products,2013,9,Wheat and wheat products,2861762,2834683,23549131,20122621
Pounds of Materials Used,Total Grain products,2013,9,Total Grain products,431434835,474354001,4214234555,4396474466
Pounds of Materials Used,Non-Grain Products,2013,9,Sugar and syrups,62065299,65309278,738123009,699254333
Pounds of Materials Used,Non-Grain Products,2013,9,Hops (dry),2339398,10275173,75948139,91381344
Pounds of Materials Used,Non-Grain Products,2013,9,Hops (used as extracts),310392,301054,2966019,3314506
Pounds of Materials Used,Non-Grain Products,2013,9,Other,12336644,11343170,110348504,92014110
Pounds of Materials Used,Total Non-Grain products,2013,9,Total Non-Grain products,77051733,87228675,927385671,885964293
Pounds of Materials Used,Total Used,2013,9,Total Used,508486568,561582676,5141620226,5282438759
Pounds of Materials Used,Grain Products,2013,10,Malt and malt products,321371392,322106596,3378984706,3514870999
Pounds of Materials Used,Grain Products,2013,10,Corn and corn products,53528251,50852126,502810079,591801033
Pounds of Materials Used,Grain Products,2013,10,Rice and rice products,54082902,59886704,632126140,603842713
Pounds of Materials Used,Grain Products,2013,10,Barley and barley products,10271881,9689002,120056914,109525560
Pounds of Materials Used,Grain Products,2013,10,Wheat and wheat products,1915107,1788100,25599420,21936476
Pounds of Materials Used,Total Grain products,2013,10,Total Grain products,441169533,444322528,4659577259,4841976781
Pounds of Materials Used,Non-Grain Products,2013,10,Sugar and syrups,66002563,70186429,804207430,769441871
Pounds of Materials Used,Non-Grain Products,2013,10,Hops (dry),1681113,9516910,77886052,100914245
Pounds of Materials Used,Non-Grain Products,2013,10,Hops (used as extracts),325023,309173,3291167,3623679
Pounds of Materials Used,Non-Grain Products,2013,10,Other,11808695,10280000,122330717,102300160
Pounds of Materials Used,Total Non-Grain products,2013,10,Total Non-Grain products,79817394,90292512,1007715366,976279955
Pounds of Materials Used,Total Used,2013,10,Total Used,520986927,534615040,5667292625,5818256736
Pounds of Materials Used,Grain Products,2013,11,Malt and malt products,275715285,296562303,3659909420,3812173262
Pounds of Materials Used,Grain Products,2013,11,Corn and corn products,41543251,44982069,544355266,636783102
Pounds of Materials Used,Grain Products,2013,11,Rice and rice products,44402687,61083530,676530004,664926243
Pounds of Materials Used,Grain Products,2013,11,Barley and barley products,7902110,7856399,128378617,117505762
Pounds of Materials Used,Grain Products,2013,11,Wheat and wheat products,1331387,1745472,27021360,23694250
Pounds of Materials Used,Total Grain products,2013,11,Total Grain products,370894720,412229773,5036194667,5255082619
Pounds of Materials Used,Non-Grain Products,2013,11,Sugar and syrups,58514321,64916838,862737634,834366327
Pounds of Materials Used,Non-Grain Products,2013,11,Hops (dry),1440544,10638921,79484744,111569108
Pounds of Materials Used,Non-Grain Products,2013,11,Hops (used as extracts),282732,303293,3573899,3927082
Pounds of Materials Used,Non-Grain Products,2013,11,Other,11793486,9686138,134153180,111986298
Pounds of Materials Used,Total Non-Grain products,2013,11,Total Non-Grain products,72031083,85545190,1079949457,1061848815
Pounds of Materials Used,Total Used,2013,11,Total Used,442925803,497774963,6116144124,6316931434
Pounds of Materials Used,Grain Products,2013,12,Malt and malt products,294248188,304550475,3955223955,4116730037
Pounds of Materials Used,Grain Products,2013,12,Corn and corn products,48242094,43813833,592598072,680596935
Pounds of Materials Used,Grain Products,2013,12,Rice and rice products,47832575,51999232,724365175,716927663
Pounds of Materials Used,Grain Products,2013,12,Barley and barley products,19579344,18068006,153349946,135573728
Pounds of Materials Used,Grain Products,2013,12,Wheat and wheat products,2311377,2110474,29853282,25809942
Pounds of Materials Used,Total Grain products,2013,12,Total Grain products,412213578,420542020,5455390430,5675638305
Pounds of Materials Used,Non-Grain Products,2013,12,Sugar and syrups,61764460,59685172,924712042,894052849
Pounds of Materials Used,Non-Grain Products,2013,12,Hops (dry),2129685,7980386,81827074,119551476
Pounds of Materials Used,Non-Grain Products,2013,12,Hops (used as extracts),312373,388398,3887149,4431335
Pounds of Materials Used,Non-Grain Products,2013,12,Other,12527321,9607217,147200976,121593615
Pounds of Materials Used,Total Non-Grain products,2013,12,Total Non-Grain products,76733839,77661173,1157627241,1139629275
Pounds of Materials Used,Total Used,2013,12,Total Used,488947417,498203193,6613017671,6815267580
Pounds of Materials Used,Grain Products,2014,1,Malt and malt products,315728713,327069448,315728713,327069448
Pounds of Materials Used,Grain Products,2014,1,Corn and corn products,60186876,50616106,60186876,50616106
Pounds of Materials Used,Grain Products,2014,1,Rice and rice products,52099471,62177066,52099471,62177066
Pounds of Materials Used,Grain Products,2014,1,Barley and barley products,8185386,8196315,8185386,8196315
Pounds of Materials Used,Grain Products,2014,1,Wheat and wheat products,1372263,1544976,1372263,1544976
Pounds of Materials Used,Total Grain products,2014,1,Total Grain products,437572709,449603911,437572709,449603911
Pounds of Materials Used,Non-Grain Products,2014,1,Sugar and syrups,72039259,72879470,72039259,72879470
Pounds of Materials Used,Non-Grain Products,2014,1,Hops (dry),1890937,9187873,1890937,9187873
Pounds of Materials Used,Non-Grain Products,2014,1,Hops (used as extracts),298281,323622,298281,323622
Pounds of Materials Used,Non-Grain Products,2014,1,Other,10970144,10673892,10970144,10673892
Pounds of Materials Used,Total Non-Grain products,2014,1,Total Non-Grain products,85198621,93064857,85198621,93064857
Pounds of Materials Used,Total Used,2014,1,Total Used,522771330,542668768,522771330,542668768
Pounds of Materials Used,Grain Products,2014,2,Malt and malt products,293750079,312151626,609795673,639221074
Pounds of Materials Used,Grain Products,2014,2,Corn and corn products,49718568,46512356,109905444,97128462
Pounds of Materials Used,Grain Products,2014,2,Rice and rice products,48969378,62159433,101068849,124336499
Pounds of Materials Used,Grain Products,2014,2,Barley and barley products,8893650,7575271,17121586,15771586
Pounds of Materials Used,Grain Products,2014,2,Wheat and wheat products,2120033,1862221,3506618,3407197
Pounds of Materials Used,Total Grain products,2014,2,Total Grain products,403451708,430260907,841398170,879864818
Pounds of Materials Used,Non-Grain Products,2014,2,Sugar and syrups,74414600,71270638,146457659,144150108
Pounds of Materials Used,Non-Grain Products,2014,2,Hops (dry),1733845,9480187,3631050,18669729
Pounds of Materials Used,Non-Grain Products,2014,2,Hops (used as extracts),298524,324711,596805,648443
Pounds of Materials Used,Non-Grain Products,2014,2,Other,11645142,9280218,22615352,19954110
Pounds of Materials Used,Total Non-Grain products,2014,2,Total Non-Grain products,88092111,90355754,173300866,183422390
Pounds of Materials Used,Total Used,2014,2,Total Used,491543819,520616661,1014699036,1063287208
Pounds of Materials Used,Grain Products,2014,3,Malt and malt products,335350528,343473172,945861951,970896568
Pounds of Materials Used,Grain Products,2014,3,Corn and corn products,53923554,47317645,163828998,144446107
Pounds of Materials Used,Grain Products,2014,3,Rice and rice products,48705125,62869257,150113227,187208379
Pounds of Materials Used,Grain Products,2014,3,Barley and barley products,20694786,17815158,38581325,33586744
Pounds of Materials Used,Grain Products,2014,3,Wheat and wheat products,3621626,3100690,7152963,6507887
Pounds of Materials Used,Total Grain products,2014,3,Total Grain products,462295619,474575922,1305538464,1342645685
Pounds of Materials Used,Non-Grain Products,2014,3,Sugar and syrups,86871712,85795386,233356445,229948594
Pounds of Materials Used,Non-Grain Products,2014,3,Hops (dry),3719722,9899412,7371739,28578312
Pounds of Materials Used,Non-Grain Products,2014,3,Hops (used as extracts),351254,382793,948662,1031236
Pounds of Materials Used,Non-Grain Products,2014,3,Other,13362414,14019036,36011262,33978578
Pounds of Materials Used,Total Non-Grain products,2014,3,Total Non-Grain products,104305102,110096627,277688108,293536720
Pounds of Materials Used,Total Used,2014,3,Total Used,566600721,584672549,1583226572,1636182405
Pounds of Materials Used,Grain Products,2014,4,Malt and malt products,314317091,328618388,1260785227,1299523432
Pounds of Materials Used,Grain Products,2014,4,Corn and corn products,51063013,46416330,214892481,190862437
Pounds of Materials Used,Grain Products,2014,4,Rice and rice products,55893495,63585513,206019909,250793892
Pounds of Materials Used,Grain Products,2014,4,Barley and barley products,10091164,8414646,49985672,42001765
Pounds of Materials Used,Grain Products,2014,4,Wheat and wheat products,2547858,2348704,9720106,8857344
Pounds of Materials Used,Total Grain products,2014,4,Total Grain products,433912621,449383581,1741403395,1792038870
Pounds of Materials Used,Non-Grain Products,2014,4,Sugar and syrups,83132566,92283590,316491705,322232184
Pounds of Materials Used,Non-Grain Products,2014,4,Hops (dry),2167689,9833771,9588084,38412544
Pounds of Materials Used,Non-Grain Products,2014,4,Hops (used as extracts),321444,302727,1270106,1333963
Pounds of Materials Used,Non-Grain Products,2014,4,Other,13188832,11932156,49303125,45934572
Pounds of Materials Used,Total Non-Grain products,2014,4,Total Non-Grain products,98810531,114352244,376653020,407913263
Pounds of Materials Used,Total Used,2014,4,Total Used,532723152,563735825,2118056415,2199952133
Pounds of Materials Used,Grain Products,2014,5,Malt and malt products,332831907,354357234,1589521043,1653880666
Pounds of Materials Used,Grain Products,2014,5,Corn and corn products,59741914,53185970,274634445,244048407
Pounds of Materials Used,Grain Products,2014,5,Rice and rice products,59209512,66094607,265229434,316888499
Pounds of Materials Used,Grain Products,2014,5,Barley and barley products,11263219,9376068,61298879,51402085
Pounds of Materials Used,Grain Products,2014,5,Wheat and wheat products,3267690,4812341,13014583,13673463
Pounds of Materials Used,Total Grain products,2014,5,Total Grain products,466314242,487826220,2203698384,2279893120
Pounds of Materials Used,Non-Grain Products,2014,5,Sugar and syrups,81403402,96974214,397893884,419206398
Pounds of Materials Used,Non-Grain Products,2014,5,Hops (dry),2173226,10312982,11787675,48725979
Pounds of Materials Used,Non-Grain Products,2014,5,Hops (used as extracts),345805,323335,1615913,1657298
Pounds of Materials Used,Non-Grain Products,2014,5,Other,15253410,11739485,64563566,57674057
Pounds of Materials Used,Total Non-Grain products,2014,5,Total Non-Grain products,99175843,119350016,475861038,527263732
Pounds of Materials Used,Total Used,2014,5,Total Used,565490085,607176236,2679559422,2807156852
Pounds of Materials Used,Grain Products,2014,6,Malt and malt products,382399712,375886808,1973260240,2029825018
Pounds of Materials Used,Grain Products,2014,6,Corn and corn products,59290119,53531753,333925094,297580160
Pounds of Materials Used,Grain Products,2014,6,Rice and rice products,47368927,64525428,312600961,381416558
Pounds of Materials Used,Grain Products,2014,6,Barley and barley products,23906204,22149035,85519096,73551120
Pounds of Materials Used,Grain Products,2014,6,Wheat and wheat products,4273103,3448969,17324857,17122432
Pounds of Materials Used,Total Grain products,2014,6,Total Grain products,517238065,519541993,2722630248,2799495288
Pounds of Materials Used,Non-Grain Products,2014,6,Sugar and syrups,78715950,87561138,476568634,506767536
Pounds of Materials Used,Non-Grain Products,2014,6,Hops (dry),2894437,12674247,14757533,61421591
Pounds of Materials Used,Non-Grain Products,2014,6,Hops (used as extracts),403502,339972,2019639,1997270
Pounds of Materials Used,Non-Grain Products,2014,6,Other,32242095,13946787,97712523,72053356
Pounds of Materials Used,Total Non-Grain products,2014,6,Total Non-Grain products,114255984,114522144,591058329,642239753
Pounds of Materials Used,Total Used,2014,6,Total Used,631494049,634064137,3313688577,3441735041
Pounds of Materials Used,Grain Products,2014,7,Malt and malt products,370565836,360125547,2345448196,2389952141
Pounds of Materials Used,Grain Products,2014,7,Corn and corn products,47760795,49297406,381693740,346877566
Pounds of Materials Used,Grain Products,2014,7,Rice and rice products,64828200,76426446,377429201,457843004
Pounds of Materials Used,Grain Products,2014,7,Barley and barley products,11164504,9277184,97164326,82828304
Pounds of Materials Used,Grain Products,2014,7,Wheat and wheat products,4202335,2203886,21578384,19326318
Pounds of Materials Used,Total Grain products,2014,7,Total Grain products,498521670,497330469,3223313847,3296827333
Pounds of Materials Used,Non-Grain Products,2014,7,Sugar and syrups,79758226,89551409,556332616,596318945
Pounds of Materials Used,Non-Grain Products,2014,7,Hops (dry),2423064,11087978,17214075,72510072
Pounds of Materials Used,Non-Grain Products,2014,7,Hops (used as extracts),339167,345771,2358813,2343051
Pounds of Materials Used,Non-Grain Products,2014,7,Other,25013032,13661124,122889450,85767618
Pounds of Materials Used,Total Non-Grain products,2014,7,Total Non-Grain products,107533489,114646282,698794954,756939686
Pounds of Materials Used,Total Used,2014,7,Total Used,606055159,611976751,3922108801,4053767019
Pounds of Materials Used,Grain Products,2014,8,Malt and malt products,342497886,341606073,2691379668,2731783081
Pounds of Materials Used,Grain Products,2014,8,Corn and corn products,49539298,50568490,431234151,397446056
Pounds of Materials Used,Grain Products,2014,8,Rice and rice products,58158328,66799703,435587566,524642707
Pounds of Materials Used,Grain Products,2014,8,Barley and barley products,10774103,10126876,108299529,93205938
Pounds of Materials Used,Grain Products,2014,8,Wheat and wheat products,3109619,1983239,24757303,21316066
Pounds of Materials Used,Total Grain products,2014,8,Total Grain products,464079234,471084381,3691258217,3768393848
Pounds of Materials Used,Non-Grain Products,2014,8,Sugar and syrups,84424807,79941067,640864844,676260012
Pounds of Materials Used,Non-Grain Products,2014,8,Hops (dry),1835895,1714203,19122021,74232189
Pounds of Materials Used,Non-Grain Products,2014,8,Hops (used as extracts),312437,325156,2671251,2668207
Pounds of Materials Used,Non-Grain Products,2014,8,Other,13675594,13504877,136835221,99272495
Pounds of Materials Used,Total Non-Grain products,2014,8,Total Non-Grain products,100248733,95485303,799493337,852432903
Pounds of Materials Used,Total Used,2014,8,Total Used,564327967,566569684,4490751554,4620826751
Pounds of Materials Used,Grain Products,2014,9,Malt and malt products,346653525,307559729,3039062414,3039428187
Pounds of Materials Used,Grain Products,2014,9,Corn and corn products,46554596,51840823,477789335,449287004
Pounds of Materials Used,Grain Products,2014,9,Rice and rice products,56748056,53402214,492367977,578047618
Pounds of Materials Used,Grain Products,2014,9,Barley and barley products,25194159,23147906,134710257,116322421
Pounds of Materials Used,Grain Products,2014,9,Wheat and wheat products,3802119,3122565,28615449,24436890
Pounds of Materials Used,Total Grain products,2014,9,Total Grain products,478952455,439073237,4172545432,4207522120
Pounds of Materials Used,Non-Grain Products,2014,9,Sugar and syrups,71386473,62226609,712256043,738486191
Pounds of Materials Used,Non-Grain Products,2014,9,Hops (dry),4289504,2539867,23443946,76772419
Pounds of Materials Used,Non-Grain Products,2014,9,Hops (used as extracts),341156,313215,3012682,2981420
Pounds of Materials Used,Non-Grain Products,2014,9,Other,17318046,13103408,154189235,112375903
Pounds of Materials Used,Total Non-Grain products,2014,9,Total Non-Grain products,93335179,78183099,892901906,930615933
Pounds of Materials Used,Total Used,2014,9,Total Used,572287634,517256336,5065447338,5138138053
Pounds of Materials Used,Grain Products,2014,10,Malt and malt products,329412159,312261696,3370629014,3351689883
Pounds of Materials Used,Grain Products,2014,10,Corn and corn products,46194312,53528251,523987528,502815255
Pounds of Materials Used,Grain Products,2014,10,Rice and rice products,54599783,54082902,546973999,632130520
Pounds of Materials Used,Grain Products,2014,10,Barley and barley products,14289508,10645788,149588604,127062119
Pounds of Materials Used,Grain Products,2014,10,Wheat and wheat products,1872895,1931153,30532090,26370777
Pounds of Materials Used,Total Grain products,2014,10,Total Grain products,446368657,432449790,4621711235,4640068554
Pounds of Materials Used,Non-Grain Products,2014,10,Sugar and syrups,77825404,66040485,790120149,804526862
Pounds of Materials Used,Non-Grain Products,2014,10,Hops (dry),1899541,1707754,25414759,78481901
Pounds of Materials Used,Non-Grain Products,2014,10,Hops (used as extracts),334633,325324,3347317,3306744
Pounds of Materials Used,Non-Grain Products,2014,10,Other,13016053,12001888,167668703,124378782
Pounds of Materials Used,Total Non-Grain products,2014,10,Total Non-Grain products,93075631,80075451,986550928,1010694289
Pounds of Materials Used,Total Used,2014,10,Total Used,539444288,512525241,5608262163,5650762843
Pounds of Materials Used,Grain Products,2014,11,Malt and malt products,272737485,271089070,3641478336,3622812237
Pounds of Materials Used,Grain Products,2014,11,Corn and corn products,38032693,41886629,562018640,544701884
Pounds of Materials Used,Grain Products,2014,11,Rice and rice products,47373098,44402687,594337150,676533207
Pounds of Materials Used,Grain Products,2014,11,Barley and barley products,10643784,8365993,160765839,135687618
Pounds of Materials Used,Grain Products,2014,11,Wheat and wheat products,1345356,1494754,31911201,27882526
Pounds of Materials Used,Total Grain products,2014,11,Total Grain products,370132416,367239133,4990511166,5007617472
Pounds of Materials Used,Non-Grain Products,2014,11,Sugar and syrups,61665023,58751413,851790010,863280473
Pounds of Materials Used,Non-Grain Products,2014,11,Hops (dry),1492949,1482052,26905625,79970421
Pounds of Materials Used,Non-Grain Products,2014,11,Hops (used as extracts),262480,282855,3610248,3589599
Pounds of Materials Used,Non-Grain Products,2014,11,Other,13116911,11916608,180982725,136297370
Pounds of Materials Used,Total Non-Grain products,2014,11,Total Non-Grain products,76537363,72432928,1063288608,1083137863
Pounds of Materials Used,Total Used,2014,11,Total Used,446669779,439672061,6053799774,6090755335
Pounds of Materials Used,Grain Products,2014,12,Malt and malt products,153777615,293175220,3798221225,3915991903
Pounds of Materials Used,Grain Products,2014,12,Corn and corn products,30884481,48552945,592901569,593254604
Pounds of Materials Used,Grain Products,2014,12,Rice and rice products,44864070,47832369,639204402,724368200
Pounds of Materials Used,Grain Products,2014,12,Barley and barley products,9077439,22171656,167310480,157842071
Pounds of Materials Used,Grain Products,2014,12,Wheat and wheat products,946014,2613276,32897320,30494295
Pounds of Materials Used,Total Grain products,2014,12,Total Grain products,239549619,414345466,5230534996,5421951073
Pounds of Materials Used,Non-Grain Products,2014,12,Sugar and syrups,11292897,62038185,863154300,925318166
Pounds of Materials Used,Non-Grain Products,2014,12,Hops (dry),284055954,2271667,310959703,82241820
Pounds of Materials Used,Non-Grain Products,2014,12,Hops (used as extracts),42981,312845,3653284,3902444
Pounds of Materials Used,Non-Grain Products,2014,12,Other,2442418,13132168,183516364,149429534
Pounds of Materials Used,Total Non-Grain products,2014,12,Total Non-Grain products,297834250,77754865,1361283651,1160891964
Pounds of Materials Used,Total Used,2014,12,Total Used,537383869,492100331,6591818647,6582843037
